nombre;apellido;nave_matricula;nave_clase_nave
Claresta;Arathorn;524141;654
Frank;Llovera;627932;987
Drucie;Rodmann;355188;798
Priscilla;Daniele;632349;147
Nananne;Kiyoshi;584581;258
Etta;Talia;443447;369
Amelia;Solitta;526524;741
Fawne;Harned;411580;852
Di;Bearnard;807305;963
Verla;Peti;699496;753
Gwenneth;Kaete;885465;951
Teddie;Junie;956125;456
Carree;Ajay;513947;123
Collen;Tyson;973065;654
Shannah;Bahr;346507;987
Dale;Tound;975516;798
Lelah;Meter;534664;147
Heida;Sacken;413872;258
Christy;Kendrick;903050;369
Kassey;An;730727;741
Sharlene;Martsen;691852;852
Tani;Beniamino;586583;963
Lorne;Izaak;327338;753
Ermengarde;O'Neill;467129;951
Mireielle;Gemini;570508;456
Feliza;Desai;747079;123
Louella;Sherfield;947781;654
Leanna;Tice;711116;987
Danny;Andrel;775245;798
Chickie;Zenas;803713;147
Kial;Meter;943874;258
Norine;Sandye;685371;369
Ardeen;Arvo;646088;741
Grier;Rooney;443182;852
Willetta;Faro;813227;963
Phylis;Tryck;841581;753
Ermengarde;Trinetta;711553;951
Tressa;Kirstin;382237;456
Chickie;Celestine;744330;123
Yetty;Merat;423735;654
Thalia;Angelis;781570;987
Tomasina;Orpah;660139;798
Phedra;Goerke;572763;147
Tilly;Olympium;873074;258
Laure;Jary;495608;369
Hallie;Yam;466798;741
Isa;Naor;597735;852
Elena;Japeth;655316;963
Chrystel;Ricarda;402173;753
Alyssa;Wadell;730349;951
Sheree;Ummersen;371478;654
Aryn;Izaak;525095;987
Shaine;Japeth;361053;798
Albertina;Ethban;389453;147
Roslyn;Rona;909559;258
Concettina;Kirbee;399655;369
Melisent;Hull;814432;741
Gloria;Oscar;506549;852
Elmira;Gino;912692;963
Marita;Tjon;872685;753
Bernardine;Alice;945521;951
Gale;Hailee;730570;456
Felice;Lail;735902;123
Lucille;Ciapas;860124;654
Candi;Harday;829556;987
Winifred;Edmund;596969;798
Kylynn;Verger;955658;147
Jacquetta;Buckler;367597;258
Talya;Lilybelle;871481;369
Phedra;Urania;634841;741
Perry;Ovid;843755;852
Jean;Shuler;888210;963
Janenna;Kunin;480076;753
Kimmy;Uird;919380;951
Gloria;Ries;866518;456
Loree;Jacinda;451735;123
Odessa;Fancie;810343;654
Zia;LaRue;474316;987
Carlie;Baptlsta;984332;798
Helsa;Kussell;609394;147
Cecile;Saunderson;421851;258
Jan;Leopold;666228;369
Nananne;Aprile;619766;741
Lucy;Hillel;959788;852
Meriel;Behre;869771;963
Gilda;Kendrick;782355;753
Gloria;An;633785;951
Kylynn;Gladstone;554155;456
Aurelie;Henrie;958150;123
Candy;Wooster;471140;654
Robbi;Lunsford;475171;987
Odessa;Kunin;654674;798
Ida;Elbertina;707457;147
Mamie;Keelia;383920;258
Quintina;Valerio;634955;369
Lorne;Schwejda;897503;741
Zia;Dosia;528714;852
Yetty;Kazimir;643195;963
Robinia;Madaih;905330;753
Deirdre;Telfer;415075;951
Britni;Mich;552363;654
Rayna;Marden;447869;654
Layla;Shama;665627;987
Marcy;Lamoree;692695;798
Andree;Dannye;372756;147
Dorene;Moina;805246;258
Joleen;Seligman;823343;369
Sonni;Eiser;656902;741
Magdalena;Cadmar;655030;852
Marjie;Ventre;782505;963
Gretal;Boehike;392849;753
Mureil;Izaak;597951;951
Rochette;Stacy;787854;456
Addia;Daveta;485206;123
Orsola;Belldas;902198;654
Andeee;Sharl;502165;987
Yvonne;Phaidra;611679;798
Rani;Bandeen;695833;147
Betta;Cloris;984198;258
Coral;Kare;883390;369
Carmencita;Talia;805169;741
Rebeca;Rugen;430939;852
Tressa;Seagraves;946995;963
Lily;Mathilde;434302;753
Gerrie;Modie;335688;951
Quintina;Morrill;663840;456
Donnie;Kevon;502946;123
Meriel;Leonard;745355;654
Lexine;Grobe;886545;987
Rubie;Erlandson;747946;798
Lizzie;Pitt;598787;147
Shel;Iphlgenia;406259;258
Emylee;Melan;977787;369
Jeanna;Wenda;888082;741
Agathe;Mathilde;681167;852
Pierette;Halsey;344628;963
Gusella;Brenn;433904;753
Blondelle;Karna;436571;951
Brana;Toni;660361;456
Romona;Jobi;421634;123
Trudie;Maiah;831072;654
Aeriela;Tryck;433920;987
Emmey;Marcellus;502159;798
Ayn;Kaete;818940;147
Collen;Chesna;375552;258
Vita;Ophelia;491996;369
Devina;Wadell;916196;741
Concettina;Roche;936320;852
Wilma;Sheedy;795041;963
Roberta;Smitt;756597;753
Ottilie;Colp;702505;951
Rhea;Stelle;829487;654
Ellette;Manolo;627191;987
Elfreda;Horan;343186;798
Teddie;Hathaway;399709;147
Taffy;Neva;683626;258
Katuscha;Vacuva;586442;369
Peri;Si;535947;741
Carmela;Grayce;376916;852
Viki;Pulsifer;508480;963
Jenilee;Greenwald;838210;753
Aimil;Raama;929249;951
Rani;Karl;757907;456
Rani;Shields;606211;123
Justinn;Tengdin;679319;654
Shaylyn;Cecile;701382;987
Renie;Kristi;395559;798
Kalina;Marden;665493;147
Kelly;Cressida;488055;258
Meghann;Couture;411334;369
Gale;Federica;576589;741
Evaleen;Bergman;825592;852
Philis;Ventre;862025;963
Lilith;Elisha;380786;753
Lyssa;Janith;697911;951
Fawne;Amadas;700417;456
Basia;Helfand;778240;123
Odessa;Ioab;811492;654
Reeba;Magdalen;756499;987
Gretal;Lesley;452476;798
Grier;Lattie;504523;147
Lexine;Wittie;476967;258
Bobinette;Atcliffe;593412;369
Sonni;Rozanna;884211;741
Rozele;Drus;550681;852
Deedee;Linskey;344846;963
Oona;Vittoria;722021;753
Hannis;Vacuva;523152;951
Shaine;Masao;591822;456
Lonnie;Riordan;345052;123
Jeanna;Nance;424949;654
Karly;Cutlerr;480015;987
Quintina;Zrike;721712;798
Gusella;MacIntosh;918887;147
Cathyleen;Virgin;761059;258
Vevay;Mandler;623945;369
Clementine;Shields;383695;741
Heida;Ephrem;894103;852
Kimberley;Jotham;795380;963
Ida;Kinnard;634314;753
Charlena;Cullin;617322;951
Stevana;Hamil;610747;951
Olivette;Bevin;456957;654
Danika;Wallis;614284;987
Lexine;Stanwood;878056;798
Ricky;Keily;917678;147
Kore;Gamaliel;492902;258
Noelle;Rossner;780029;369
Feliza;Naashom;619175;741
Angela;Trey;323771;852
Mireielle;Fairweather;760717;963
Lexine;Aaberg;794228;753
Oralee;Vorster;498238;951
Elka;Atcliffe;591773;456
Magdalena;Marsden;619846;123
Melanie;Naor;792005;654
Paule;Magnolia;467294;987
Agathe;Marlie;821348;798
Jemie;Manolo;537805;147
Kassey;Adalbert;671327;258
Bernardine;Connelly;701247;369
Jsandye;Stelle;840944;741
Averyl;Shaver;656373;852
Fayre;Dalli;769865;963
Lusa;Natica;915162;753
Selma;Sholley;955902;951
Nita;Roscoe;368569;456
Henriette;Jammal;389240;123
Edith;Sigfrid;688606;654
Shaylyn;Tamsky;755829;987
Charmaine;Jacqui;345056;798
Bernardine;Thema;838447;147
Rhea;Fontana;691770;258
Konstance;Fiester;468315;369
Merrie;Huggins;919377;741
Angela;Lasley;617000;852
Brana;Gert;673597;963
Clementine;Larochelle;600820;753
Nananne;Durante;935579;951
Silvana;Meli;858534;456
Flory;Florina;939925;123
Trixi;Sasnett;570443;654
Marika;Adalbert;579717;987
Ilse;Viddah;723861;798
Gratia;Bonilla;375024;147
Doro;Cullin;784541;258
Sheree;Tjon;821020;369
Vita;Bronk;357977;741
Rosabelle;Kress;569622;852
Wileen;Flyn;771867;963
Taffy;Mallon;575090;753
Aubrie;Cressida;870231;951
Meghann;Rosemary;338327;654
Tracey;Leary;513013;987
Nikki;Brackely;662783;798
Patricia;Anestassia;972299;147
Olwen;Turne;341433;258
Merci;Allare;384125;369
Madeleine;Ephrem;882259;741
Fayre;Nerita;651562;852
Mary;Screens;407034;963
Kamilah;Montgomery;849540;753
Donnie;Behre;479305;951
Dorothy;Valoniah;951749;456
Audrie;Allare;565602;123
Eugine;Brittani;935189;654
Juliane;Henrie;724468;987
Rhoda;Dannye;547021;798
Sheelagh;Fulmer;447105;147
Fawne;Bakerman;738134;258
Eadie;Delp;758323;369
Carolina;Cutlerr;610681;741
Sonni;Pip;454390;852
Mathilda;Lemuela;945153;963
Elora;Trace;957245;753
Cherilyn;Jacobah;618646;951
Stevana;Schenck;638866;456
Kimmy;Uund;514814;123
Elsie;Tryck;913367;654
Michaelina;Donell;343245;987
Ilse;Lumbard;359862;798
Elfreda;Sawtelle;914126;147
Cathyleen;Manolo;829755;258
Verla;Dorine;657939;369
Mamie;Skell;375059;741
Brynna;Dom;822940;852
Ezmeralda;Harl;483538;963
Linzy;Callista;955314;753
Christal;Germann;868219;951
Emilia;Vins;563736;456
Althea;Lane;337848;123
Mallory;Marden;887492;654
Meghann;Boehike;325338;987
Jobi;Curren;868125;798
Yvonne;Valoniah;832179;147
Norine;Hilbert;830647;258
Susette;Daveta;798655;369
Kittie;Kosey;909256;741
Nollie;Audly;373180;852
Kore;Masao;579295;963
Brooks;Lane;948359;753
Elie;Adrienne;641464;951
Bee;Trey;568344;987
Queenie;Gilbertson;343133;654
Celestyna;Rodmann;725559;987
Emylee;Hanleigh;371107;798
Dania;Raimondo;354380;147
Charmaine;Ferrell;615786;258
Korrie;Latini;472558;369
Donnie;Stanwood;586790;741
Cecile;Olympium;730981;852
Audrie;Dielu;794921;963
Marnia;Garlinda;828974;753
Amii;Durante;448327;951
Dyann;Merna;726472;456
Julieta;Cadmar;522575;123
Marti;Boycey;831314;654
Chastity;Riordan;694997;987
Frank;Emanuel;366171;798
Melanie;Doig;611175;147
Mignon;Henrie;580677;258
Fanny;Tamsky;390363;369
Cyndie;Drisko;911703;741
Lila;Schalles;566093;852
Dorene;Albertine;977363;963
Gisela;Astra;396683;753
Dari;Saree;574076;951
Jenda;Callista;495605;456
Maurene;Melony;770359;123
Britte;Billye;762124;654
Agnese;Payson;865357;987
Paulita;Ilka;681958;798
Helena;Hoban;972354;147
Malina;Eckblad;749348;258
Liana;Pauly;766242;369
Shell;Bonilla;974838;741
Elise;Marlie;920191;852
Anallese;Cutlerr;754883;963
Juliane;Soneson;589316;753
Emelina;Palocz;974802;951
Adore;Thad;638853;456
Jinny;Ciapas;350561;123
Michaelina;Velick;481247;654
Dale;Rurik;633145;987
Gisela;Christine;812719;798
Marsiella;Kussell;512162;147
Donetta;Estella;932798;258
Claresta;Voletta;500010;369
Corry;Brodench;395651;741
Jordan;Screens;476418;852
Binny;Ashely;346458;963
Aeriela;Fitzsimmons;651590;753
Lesly;Meli;947286;951
Brianna;Juliet;752044;654
Alejandra;Gombach;347178;987
Allyce;Beniamino;721823;798
Cathie;Yorick;650849;147
Philis;Vins;483585;258
Caressa;Urania;915237;369
Eolanda;Eno;399139;741
Jsandye;Marlie;466543;852
Livvyy;Levey;438021;963
Mariele;Estella;788936;753
Alameda;Ashok;713144;951
Hope;Gabrielli;923929;456
Karlee;Phyllis;706786;123
Jan;Raul;499600;654
Sara-Ann;Sammons;786255;987
Konstance;Teddman;440881;798
Verla;Hertzfeld;815550;147
Marti;Dudley;787017;258
Frieda;Shields;543097;369
Mary;Bronk;560812;741
Ilse;Dom;882305;852
Sheree;Himelman;339930;963
Kenna;Daniele;712887;753
Janis;Toni;696663;951
Libbie;Ackerley;435346;456
Fidelia;Stoller;613174;123
Louella;Grobe;464227;654
Mellicent;Helfand;934565;987
Coral;Sherrie;626981;798
Catrina;Konyn;700057;147
Raquela;Gale;903943;258
Jinny;Bach;447453;369
Hettie;Payson;800660;741
Valera;Garek;520783;852
Dyann;Taima;788099;963
Jorry;Yam;650599;753
Paulita;Wittie;868490;951
Lita;Carri;947651;456
Jaime;Artie;446438;123
Sheelagh;Eben;775608;654
Dione;Bibi;876210;987
Vere;Prober;379826;798
Karena;Ashely;719770;147
Adelle;Wandie;837091;258
Raquela;Ophelia;777440;369
Jackie;Sabella;547423;741
Eadie;Lattie;488493;852
Norine;Seumas;805055;963
Nelle;Ellord;714766;753
Teddie;Ailyn;679906;951
Raina;Killigrew;462045;654
Minda;Aprile;970166;987
Monika;Voletta;843784;798
Kara-Lynn;Cimbura;722583;147
Tera;Madelene;769476;258
Sandie;Chrystel;733312;369
Caryl;Schroth;874951;741
Mahalia;Payson;844630;852
Nyssa;Iphlgenia;972837;963
Alie;Craggie;524531;753
Agathe;Roscoe;834882;951
Damaris;Tatianas;507210;456
Dari;Delacourt;553427;123
Leanna;Sprage;776077;654
Lacie;Howlyn;416189;987
Kimberley;Wilkinson;746307;798
Patricia;Medrek;364324;147
Sidoney;Saree;982871;258
Ardeen;Mata;386242;369
Vita;Seessel;472033;741
Georgetta;Wandie;619463;852
Myrtice;Katrine;373683;963
Elena;Drisko;650557;753
Jolyn;Pettiford;393805;951
Caritta;Trinetta;423981;456
Helena;Pearse;983449;123
Christy;Aloise;855089;654
Teriann;Alabaster;476736;987
Amii;Monaco;876363;798
Jan;Hutchison;716961;147
Iseabal;Jacinda;798317;258
Janeczka;Bertold;847067;369
Katuscha;Ludewig;674011;741
Bobbi;Bertold;690538;852
Devina;Goode;483909;963
Joy;Gaulin;686088;753
Karly;Zetta;801489;951
Chloris;Mayeda;735422;456
Lacie;Emmaline;874162;123
Charmaine;Chobot;775765;654
Talya;Pozzy;906532;987
Natka;Jorgan;725420;798
Camile;Zeeba;714406;147
Kayla;Lilybelle;614584;258
Carilyn;Rooney;496981;369
Fawne;Cimbura;605578;741
Antonietta;Drisko;545842;852
Ninnetta;Edison;328359;963
Renie;Elsinore;337190;753
Kerrin;Raseda;767894;951
Janeczka;McLaughlin;419650;654
Nataline;Atcliffe;563918;987
Quintina;Meli;814453;798
Christy;Cassius;890122;147
Julieta;Lorenz;346030;258
Marita;August;733417;369
Minne;Ciro;914372;741
Audrie;Constancy;967552;852
Lita;Jobi;898725;963
Chloris;Delila;680439;753
Jennica;Viddah;653263;951
Dorice;Wallis;823279;456
Charmaine;Melleta;794924;123
Emma;Bigner;522464;654
Mady;Shaver;772910;987
Kelly;Atcliffe;380399;798
Talya;Dudley;960215;147
Christy;McLaughlin;675433;258
Alia;Kelula;949394;369
Jsandye;McGrody;956385;741
Lynde;Dyche;427901;852
Christy;Ingra;828500;963
Felice;Raama;886821;753
Bill;Screens;681029;951
Thalia;Gaal;374273;456
Roxane;Harriman;913470;123
Gabriellia;Weinreb;983049;654
Consuela;Neils;631453;987
Ernesta;Goode;817590;798
Jasmina;Yuille;624407;147
Sissy;Chapland;734944;258
Cristabel;Read;547321;369
Dania;Iaverne;559261;741
Jaime;Gladstone;899948;852
Karlee;Anselmi;665194;963
Vivia;Fry;902904;753
Kassey;Fillbert;794588;951
Cassandra;Georas;625263;456
Natka;Pettiford;721895;123
Sashenka;Septima;558606;654
Adelle;Primalia;457910;987
Jere;Kelula;635359;798
Jacenta;Tatianas;655122;147
Celestyna;Schlosser;367998;258
Dotty;Karylin;978266;369
Aimil;Loring;420947;741
Fawne;Oriana;772861;852
Aili;Sawtelle;474707;963
Tiffie;Catie;549746;753
Dacia;Lorenz;532784;951
Genovera;Sprage;827119;654
Marita;Idelia;597511;654
Tami;Ephrem;665765;987
Linet;Edmund;516862;798
June;Eben;642525;147
Janeczka;Autrey;408896;258
Abbie;Cynar;585314;369
Dagmar;Konyn;718220;741
Angela;Reneta;666229;852
Cherrita;Faso;754097;963
Elie;Nedrud;745115;753
Chickie;Tice;768990;951
Shandie;Phyllis;737297;456
Mildrid;Cullin;568836;123
Rosene;Lauraine;330977;654
Kirbee;Oriana;381882;987
Kirbee;Eckblad;563937;798
Susette;Vittoria;852756;147
Yvonne;Tybald;497471;258
Coral;Craggie;849921;369
Rani;Haerr;714481;741
Kalina;Bluh;436002;852
Consuela;Docilla;805131;963
Ebonee;Hewitt;576124;753
Jemie;Geffner;546655;951
Mahalia;Buckler;591575;456
Rubie;Mandler;331248;123
Kathi;Tiffa;906241;654
Brietta;Catie;938479;987
Candy;Frodi;586525;798
Sidoney;Fiester;865812;147
Britte;Heisel;456892;258
Jessamyn;Vittoria;614503;369
Ilse;Si;535469;741
Merci;Noelyn;921113;852
Christian;Shanley;529500;963
Mara;Ambrosia;649604;753
Inga;Riva;695363;951
Fawne;Delp;729100;456
Augustine;Wiener;563164;123
Antonietta;Carlson;529100;654
Verla;Revkah;581487;987
Nikki;Marsden;964984;798
Desirae;Flita;368793;147
Gianina;Ball;946887;258
Elie;Kazimir;342375;369
Donetta;Diann;885558;741
Maud;Edvard;702225;852
Christian;Grayce;663240;963
Pierette;Joni;807179;753
Harmonia;Melony;696010;951
Cassandra;Couture;467864;654
Romona;Shelba;461751;987
Eolanda;Shaver;344793;798
Codie;Erskine;360934;147
Di;Breed;401435;258
Ebonee;Francyne;821341;369
Kerrin;Quent;886085;741
Asia;Glovsky;738089;852
Monika;Seessel;535879;963
Janey;Alva;908709;753
Krystle;Tengdin;511940;951
Feliza;Margarete;491217;456
Ardeen;Ferrell;597826;123
Merci;Felizio;725061;654
Janis;Mintz;541533;987
Annice;Pernick;592788;798
Alie;Hillel;802942;147
Nita;Gladstone;788611;258
Cristabel;Cookie;690821;369
Ellette;Raychel;747935;741
Krystle;Merell;772067;852
Gaylene;Bebe;681828;963
Hyacinthe;Kare;612386;753
Phylis;Garbe;540648;951
Fidelia;Land;879634;456
Bernardine;Hazlett;940185;123
Raina;Han;836172;654
Jobi;Rossner;371533;987
Micheline;Romelda;695684;798
Elyssa;Dituri;638454;147
Miquela;Stephie;654288;258
Imojean;McCutcheon;979901;369
Laure;Anselmi;855938;741
Mureil;Craggie;881738;852
Eugine;Boehike;933437;963
Hallie;Rheingold;378520;753
Fina;Wolfgram;730753;951
Natka;Vale;685013;456
Tersina;Middleton;925109;123
Juliane;Liebermann;667742;654
Fred;Francyne;781034;987
Julieta;Curren;627297;798
Alejandra;Georgy;708569;147
Oralee;Howlyn;501456;258
Aili;Kunin;501448;369
Chandra;Maryanne;334852;741
Averyl;Aprile;324041;852
Justinn;Nester;345621;963
Roseline;Marsden;381367;753
Florencia;Frendel;691855;951
Leontine;Baudin;552057;951
Meg;Nance;325484;654
Luci;Wenoa;342317;987
Ida;Yuille;431028;798
Phylis;Annice;374994;147
Netty;Stoller;860783;258
Dari;Sherfield;896115;369
Kristina;Wu;851573;741
Cassondra;Ulphia;941515;852
Joelly;Bonucci;832690;963
Marguerite;Saunderson;715396;753
Tracey;Madelene;448149;951
Barbara;Kress;983432;456
Jolyn;Pascia;335435;123
Sidoney;Radu;935184;654
Merry;Percy;522192;987
Maisey;Posner;429413;798
Betta;Atcliffe;557068;147
Dolli;Saree;466644;258
Renae;Hylan;902076;369
Carilyn;Primalia;430778;741
Hayley;Cordi;756051;852
Gilligan;Drus;925017;963
Orsola;Bobbee;486733;753
Anica;Ventre;520606;951
Yetty;Olnee;874326;456
Tressa;Felizio;556090;123
Trudie;Curren;323891;654
Rosene;Brotherson;602602;987
Linet;Delila;630742;798
Orelia;Talia;753305;147
Quintina;Velick;624278;258
Caritta;Lesley;571623;369
Kary;Krystle;423608;741
Roz;Johanna;630971;852
Abbie;Ciro;679845;963
Sonni;Ciapas;543451;753
Kenna;Georgy;685960;951
Mathilda;Lia;707747;456
Jorry;Olin;985433;123
Elka;Socha;804551;654
Carree;Kylander;413538;987
Bertine;Randene;346375;798
Karena;Anis;863363;147
Consuela;Belanger;801061;258
Gloria;Burnside;949665;369
Esmeralda;Woodberry;921561;741
Juliane;Martsen;895337;852
Ofilia;Lucienne;831449;963
Arlena;Kalinda;521896;753
Shandie;Adamsen;682213;951
Maisey;Christine;679746;654
Aurore;Alice;734970;987
Karly;Lia;631213;798
Donetta;Wadell;776452;147
Frances;Sothena;724573;258
Sissy;Zamora;825432;369
Shandie;Graig;646193;741
Dede;Lanita;407158;852
Fanchon;McCutcheon;921504;963
June;Rona;450113;753
Genovera;Natica;570201;951
Lory;Janene;544017;456
Bettine;Sallyann;391900;123
Aaren;Gombach;390992;654
Codie;Aldric;707892;987
Cyndie;Codding;876603;798
Loree;Bonilla;940646;147
Benita;Stav;705334;258
Paola;Celestine;986959;369
Quintina;Ball;473570;741
Karolina;Crudden;959497;852
Carree;Bethany;700155;963
Jobi;Dearborn;367374;753
Jerry;Fiester;489213;951
Nickie;Stevy;437763;456
Dorothy;Albertine;916151;123
Kenna;Kristi;599270;654
Molli;Dulciana;902938;987
Mignon;Gino;476970;798
Allis;Atonsah;461656;147
Berta;Zenas;869598;258
Carmela;Madelene;897940;369
Damaris;Firmin;465023;741
Jenda;Viddah;515123;852
Norine;Zrike;947669;963
Fernande;Darbie;512014;753
Paulita;Leopold;481926;951
Dyann;Oster;655861;456
June;Dahlia;646464;123
Brietta;Alice;572470;654
Fredericka;Nester;439407;987
Maryellen;Gordon;684394;798
Ashlee;Bobbee;545227;147
Tatiania;Fontana;349638;258
Jany;Catie;653527;369
Yvonne;Malanie;355760;741
Celestyna;Darrell;695545;852
Monika;Viddah;388278;963
Binny;Wolfgram;630905;753
Myrtice;Richers;502108;951
Oralee;Othilia;740158;987
Ketti;Brian;605272;654
Judy;Clarissa;728714;987
Almeta;Junie;785986;798
Celene;Teddman;845881;147
Karina;Chobot;740883;258
Imojean;Justinn;658955;369
Alameda;Maroney;759398;741
Alexine;Lorenz;708766;852
Sophia;Amand;912824;963
Dyann;Harriman;740005;753
Kara-Lynn;Stanwood;839243;951
Dagmar;Seligman;622494;456
Dianemarie;Larochelle;594347;123
Elora;Septima;387535;654
Aryn;Dermott;534085;987
Beverley;Lilybelle;446032;798
Winny;Darrell;920092;147
Audrie;Philoo;880403;258
Marjie;Brodench;966867;369
Courtnay;Alabaster;405318;741
Courtnay;Knowling;474448;852
Pierette;Stevy;322740;963
Gabriellia;Genna;906983;753
Lanae;O'Rourke;827107;951
Marjie;Ammann;953538;456
Almeta;Joli;540912;123
Dari;Natalia;360136;654
Renie;Fulmer;443864;987
Teddie;Sprage;543643;798
Brena;Israeli;322808;147
Blinni;Hazlett;672993;258
Genevra;Larochelle;809863;369
Fidelia;Xerxes;875924;741
Cherilyn;Niccolo;585631;852
Briney;Sundin;384555;963
Lynea;Liva;949894;753
Priscilla;Peti;335190;951
Dulcinea;Dowski;388730;456
Mariann;Camden;899404;123
Adelle;Erminia;854399;654
Vonny;Ciro;780125;987
Augustine;Cristi;604910;798
Zsa Zsa;Chapland;885618;147
Caritta;Azeria;969703;258
Phedra;Nicoline;669519;369
Alex;Darian;449646;741
Moyna;Dreda;592452;852
Alie;Andrel;848472;963
Beverley;Dalli;427115;753
Etta;Giff;753117;951
Meg;Janene;645821;654
Rochette;Bibi;771235;987
Viki;Rubie;778236;798
Kristina;Loleta;322258;147
Christal;Sekofski;839916;258
Felice;Havens;572166;369
Steffane;Luhe;983783;741
Clarice;Garlinda;715909;852
Susette;Zina;886460;963
Kara-Lynn;Fancie;922568;753
Melisent;Wenoa;504582;951
Tiffie;Sparhawk;345053;456
Lila;Gaal;973005;123
Brooks;Rheingold;658251;654
Nerta;Ashely;739596;987
Farrah;Alejoa;689677;798
Siana;Lesley;674079;147
Doro;Graig;815362;258
Edith;Trace;682755;369
Vivia;Eachern;572382;741
Rhea;Rad;688090;852
Lynea;Ball;363625;963
Jinny;Barrus;774765;753
Kathy;Xerxes;877807;951
Suzette;Juan;591429;456
Phylis;Borrell;765963;123
Marline;Lamoree;888662;654
Keelia;Suk;490843;987
Kellen;Brady;525828;798
Joelly;Felecia;568733;147
Marti;Halla;493506;258
Miquela;Goddard;330377;369
Lorenza;Garlinda;329230;741
Maye;Swanhildas;964389;852
Konstance;Bivins;902288;963
Donetta;Marlie;597281;753
Jsandye;Tayib;683269;951
Dominga;Odell;500566;456
Fred;Ambrosia;785422;123
Charissa;Torray;507217;654
Jenilee;Scammon;702136;987
Anestassia;Cavan;465462;798
Liana;Tillford;870670;147
Sashenka;Sisile;572365;258
Malina;Alejoa;642045;369
Mady;Marisa;735261;741
Sheelagh;Chapland;922339;852
Siana;Clywd;748723;963
Chloris;Sparhawk;342624;753
Dorene;Francene;505579;951
Selia;Emanuel;350579;654
Edyth;Lamoree;961168;987
Sindee;Avi;963918;798
Stephanie;Horan;648904;147
Glynnis;Sikorski;578352;258
Nataline;Bethany;872431;369
Elbertina;Moseley;339609;741
Selma;Sasnett;669676;852
Madalyn;Sawtelle;957925;963
Perry;Desai;489858;753
Charlena;Tristram;976390;951
Zia;Campball;529292;456
Allis;Read;476571;123
Paule;Valerio;893638;654
Lulita;Celestine;872611;987
Millie;Mallon;698195;798
Dawn;Mayeda;940998;147
Petronia;Obed;473391;258
Winny;Joli;911005;369
Celisse;Hertzfeld;474757;741
Nerta;Baudin;679015;852
Shel;Socha;711624;963
Augustine;Ferrell;887893;753
Jere;Georgy;485721;951
Christal;Warthman;448933;456
Cindelyn;Ogren;844417;123
Elvira;Franza;717066;654
Tracey;Tufts;903519;987
Tami;Turne;713664;798
Gerrie;Flyn;845716;147
Justinn;Primalia;436691;258
Kial;Hourigan;947124;369
Gretal;Zina;493204;741
Janeczka;Mehalek;801232;852
Sam;Riordan;615660;963
Asia;Bouchard;640002;753
Mignon;Candy;753694;951
Lonnie;Cherianne;811802;456
Darci;Colleen;403457;123
Cissiee;Lorain;774584;654
Merci;Birdella;795209;987
Brianna;Sharl;387703;798
Caritta;Catie;926724;147
Selma;Lacombe;436287;258
Leona;Alva;957166;369
Roz;Ciro;963105;741
Eadie;Colleen;615196;852
Heida;Seligman;802929;963
Annice;Magnolia;637716;753
Jaime;Marlie;408654;951
Ninnetta;Holtz;852706;654
Carmela;Dielu;600276;987
Elka;An;368030;798
Caressa;Nadia;420766;147
Aigneis;Brunell;860144;258
Adelle;Rogerio;339643;369
Sara-Ann;Anis;908174;741
Jacquetta;Goode;911395;852
Maryellen;Tillford;965494;963
Deane;Lymann;755509;753
Sherrie;Joachim;845379;951
Hallie;Zina;692804;456
Hildegaard;Thilda;925980;123
Meghann;Kevon;975543;654
Kirbee;Trinetta;728545;987
Aili;Goddard;700928;798
Dode;Old;865236;147
Petronia;Morgun;918975;258
Sidoney;Kathie;691991;369
Sharai;Demitria;868516;741
Mara;Swanhildas;984112;852
Mary;Olin;647270;963
Jaclyn;Colyer;468308;753
Joceline;Tufts;468553;951
Sam;Eno;494799;456
Imojean;Salvidor;505951;123
Kathy;Emmy;539633;654
Melisent;Munn;700289;987
Ursulina;Chrystel;703512;798
Katuscha;Yusuk;793547;147
Ermengarde;Penelopa;426313;258
Laure;Carey;433946;369
Dacia;Sperling;441434;741
Helsa;Phi;652341;852
Natka;Bluh;950633;963
Rivalee;Grimbly;730173;753
Odessa;Andrel;675278;951
Melisent;Lalitta;736735;456
Bobbi;Cohdwell;912719;123
Talya;Ball;707999;654
Ariela;Suk;486488;987
Demetris;Pip;418806;798
Eadie;Kevon;951709;147
Fredericka;Wattenberg;824912;258
Lisette;Earlie;970332;369
Sonni;Vins;608477;741
Augustine;Calhoun;817986;852
Sindee;Ciro;845234;963
Shell;Emmy;574868;753
Dorice;Chobot;870975;951
Celestyna;Llovera;978760;654
Christal;Ader;636223;654
Clary;Dichy;878682;987
Farrah;Merat;529226;798
Jinny;Turne;980589;147
Cassandra;Vacuva;383460;258
Tarra;Xerxes;569150;369
Mellicent;Narton;539501;741
Marika;Ade;906743;852
Goldie;Havens;464918;963
Lolita;Shirberg;842942;753
Dotty;Sherfield;662483;951
Lonnie;Bonucci;826790;456
Bibby;Durware;410165;123
Nariko;Oscar;904028;654
Marika;Boycey;438305;987
Kial;Morehouse;425043;798
Wileen;Clie;356391;147
Mary;Codding;776047;258
Ida;Trinetta;887210;369
Liana;Vivle;805425;741
Damaris;Roxanna;538466;852
Tani;Zeeba;955526;963
Ileana;Carbo;953572;753
Atlanta;Seumas;716736;951
Sibella;Lorenz;472216;456
Danika;Delila;519479;123
Lynde;Haymes;803604;654
Brooks;Tamsky;391453;987
Miquela;Weaks;769902;798
Silvana;Liva;467130;147
Sibella;Quinn;464522;258
Brana;Virgin;634187;369
Tracey;Ezar;418863;741
Kaja;Atonsah;753136;852
Deirdre;Gherardo;355663;963
Kial;Christine;946302;753
Annora;Jary;710693;951
Celestyna;Marijo;908135;456
Marguerite;Cavan;731703;123
Corry;Jary;590680;654
Gabi;Stover;743610;987
Regina;Morgun;511070;798
Maisey;Xerxes;918762;147
Raina;Mayeda;478160;258
Susan;Neils;640310;369
Cacilie;Laurianne;892162;741
Fawne;Koziara;330124;852
Oona;Tamar;869806;963
Blondelle;Cutlerr;525211;753
Sara-Ann;Nikaniki;617473;951
Kassey;Capello;944587;654
Marnia;Casimir;861370;987
Edyth;Goerke;881885;798
Lelah;Bord;913679;147
Dode;Vacuva;522476;258
Annaliese;Tound;743907;369
Merry;Ader;689899;741
Dulcinea;Valoniah;896724;852
Phedra;Wolfgram;726666;963
Kellen;Dorine;434432;753
Trixi;Harday;816171;951
Lesly;Rustice;783176;456
Jan;Odysseus;615293;123
Dulce;Bord;399238;654
Karlee;Mandler;787258;987
Linet;Elephus;402766;798
Dari;Hathaway;338471;147
Nicoli;Chinua;383862;258
Donetta;Middleton;731213;369
Judy;Darrell;971034;741
Sue;Ophelia;514866;852
Cassandra;Berard;631894;963
Chere;Constancy;335653;753
Dulcinea;Ellerey;639280;951
Roberta;Ardra;651985;456
Caryl;Nikaniki;734347;123
Ricky;Shaddock;877298;654
Ermengarde;Cressida;368361;987
Marinna;Dominy;732040;798
Ana;Ashok;804311;147
Lyssa;Niccolo;637155;258
Genevra;Charity;452201;369
Berget;Si;982864;741
Penelopa;Dielu;866453;852
Raquela;Margarete;442093;963
Brianna;Wenda;979536;753
Isa;Aloise;419595;951
Carlie;Lilas;753666;456
Korrie;Salvidor;908155;123
Ivett;Olympium;553670;654
Tybie;Doig;481180;987
Feliza;Slifka;688074;798
Rosene;Myrilla;914853;147
Ofilia;Ferino;524141;654
Dede;Mehalek;627932;987
Layla;Goode;355188;798
Justinn;Schenck;632349;147
Teriann;Maryanne;584581;258
Rori;Loleta;443447;369
Jessamyn;Timon;526524;741
Tori;Gillan;411580;852
Melina;Artie;807305;963
Deedee;Eachern;699496;753
Giustina;Ezar;885465;951
Bernie;Darrell;956125;456
Dennie;Cimbura;513947;123
Nita;Nance;973065;654
Orelia;Sundin;346507;987
Valera;Leopold;975516;798
Beatriz;Callista;534664;147
Harmonia;Killigrew;413872;258
Aili;Janith;903050;369
Christy;Infield;730727;741
Carolina;Therine;691852;852
Carilyn;Sibyls;586583;963
Doro;Karna;327338;753
Rozele;Wareing;467129;951
Ilse;Tryck;570508;456
Blake;Sothena;747079;123
Teddie;Ezar;947781;654
Letizia;Vittoria;711116;987
Misha;Kirstin;775245;798
Dulcinea;Yoko;803713;147
Rubie;Hurley;943874;258
Dale;Gaspard;685371;369
Florencia;Dorcy;646088;741
Marjie;Hebner;443182;852
Lorenza;Evvie;813227;963
Collen;Tyson;841581;753
Jean;Rad;711553;951
Orsola;Vorster;382237;456
Elyssa;Killigrew;744330;123
Tomasina;Radu;423735;654
Kamilah;Felecia;781570;987
Ninnetta;Holtz;660139;798
Rivalee;Deegan;572763;147
Stephanie;Brieta;873074;258
Estell;Tjon;495608;369
Rochette;Eugenia;466798;741
Aimil;Elisha;597735;852
Coral;Kannry;655316;963
Sharai;Irmine;402173;753
Mamie;Reidar;730349;951
Vanessa;Desai;371478;654
Bobbi;Regan;525095;987
Brianna;Rurik;361053;798
Romona;Astra;389453;147
Aryn;Behre;909559;258
Sybille;Hubert;399655;369
Gabriellia;Barney;814432;741
Gilda;Zenas;506549;852
Edee;Teddman;912692;963
Florencia;Gino;872685;753
Bee;Irmine;945521;951
Mildrid;Marisa;730570;456
Sidoney;Anderea;735902;123
Sandie;Sherrie;860124;654
Kassey;Odell;829556;987
Carol-Jean;Jagir;596969;798
Lucy;Firmin;955658;147
Kore;Dowski;367597;258
Marguerite;Roarke;871481;369
Courtnay;Friede;634841;741
Magdalena;Lory;843755;852
Kittie;Wu;888210;963
Fanny;Phyllis;480076;753
Mamie;Rhu;919380;951
Nickie;Croix;866518;456
Bertine;Fiann;451735;123
Jaime;Fillbert;810343;654
Shannah;Skurnik;474316;987
Carolina;Zuzana;984332;798
Nataline;Kunin;609394;147
Therine;Abbot;421851;258
Meriel;Delp;666228;369
Wynne;Haldas;619766;741
Kate;Ezar;959788;852
Lynnea;Buttaro;869771;963
Rochette;Fosque;782355;753
Olivette;Radu;633785;951
Hallie;Sheedy;554155;456
Kristina;Brackely;958150;123
Blinni;Dyche;471140;654
Clarice;Abram;475171;987
Karena;Erskine;654674;798
Rani;Hunfredo;707457;147
Shel;Truc;383920;258
Dennie;Euridice;634955;369
Gianina;Standing;897503;741
Kayla;Kazimir;528714;852
Joceline;Chem;643195;963
Alyda;Alarise;905330;753
Dawn;Hourigan;415075;951
Ariela;Skell;552363;654
Cam;Catie;447869;654
Valeda;Hachmin;665627;987
Tera;Sherrie;692695;798
Regina;Eldrid;372756;147
Mildrid;Merna;805246;258
Evaleen;Georgy;823343;369
Kaja;Chabot;656902;741
Florie;Roarke;655030;852
Chastity;Carolin;782505;963
Alex;Lareena;392849;753
Regina;Heidt;597951;951
Shell;Mata;787854;456
Maud;Elsinore;485206;123
Shandie;Edee;902198;654
Kalina;Brodench;502165;987
Nyssa;Parsaye;611679;798
Rebeca;Alarise;695833;147
Dolli;Lucienne;984198;258
Bee;Grosz;883390;369
Ariela;Sadowski;805169;741
Sandie;Jerold;430939;852
Reeba;Bibi;946995;963
Nariko;Bibi;434302;753
Selma;Miru;335688;951
Ethel;Septima;663840;456
Verla;Judye;502946;123
Latisha;Rubie;745355;654
Charmaine;Smitt;886545;987
Helena;Middleton;747946;798
Lynea;Uird;598787;147
Ginnie;Obed;406259;258
Lauryn;Harl;977787;369
Binny;Zola;888082;741
Tani;Skurnik;681167;852
Dale;Berl;344628;963
Alie;Tybald;433904;753
Valli;Germann;436571;951
Myriam;Thunell;660361;456
Mara;Zamora;421634;123
Genevra;Liebermann;831072;654
Etta;Ogren;433920;987
Brooks;Monaco;502159;798
Carmela;Fitzsimmons;818940;147
Hermione;Lutero;375552;258
Petronia;Vittoria;491996;369
Dania;Mehalek;916196;741
Helena;Stover;936320;852
Evaleen;Francyne;795041;963
Ernesta;Koziara;756597;753
Kayla;Olnee;702505;951
Aryn;Noelyn;829487;654
Lorie;Clara;627191;987
Hildegaard;Tremayne;343186;798
Jsandye;Geffner;399709;147
Esmeralda;Barbey;683626;258
Gavrielle;Rossner;586442;369
Kirstin;Linehan;535947;741
Ericka;Hirsch;376916;852
Kayla;Artie;508480;963
Stevana;Doig;838210;753
Josephine;Carvey;929249;951
Fred;Kat;757907;456
Danika;Raul;606211;123
Reeba;Prober;679319;654
Sharai;August;701382;987
Queenie;Kylander;395559;798
Michaelina;Gaspard;665493;147
Dominga;Sasnett;488055;258
Arlina;Imelida;411334;369
Dorene;Magnolia;576589;741
Renae;Neils;825592;852
Karlee;Auberbach;862025;963
Anica;Sandye;380786;753
Gianina;Carey;697911;951
Consuela;Schenck;700417;456
Yetty;Urias;778240;123
Kerrin;Lipson;811492;654
Concettina;Camden;756499;987
Violet;Lasley;452476;798
Tina;Kevon;504523;147
Willetta;Thunell;476967;258
Brooks;Constancy;593412;369
Janey;Westphal;884211;741
Laure;Ietta;550681;852
Collen;Lymann;344846;963
Daune;Marcellus;722021;753
Nananne;Anyah;523152;951
Sophia;Byrne;591822;456
Gianina;Moina;345052;123
Paule;Clie;424949;654
Maud;Ummersen;480015;987
Rosanne;Durware;721712;798
Kalina;Horan;918887;147
Candy;Center;761059;258
Joelly;Tarrant;623945;369
Aurore;Cornelia;383695;741
Gilda;Durware;894103;852
Queenie;Darbie;795380;963
Jinny;Glovsky;634314;753
Ilse;Goddard;617322;951
Ronna;Gladstone;610747;951
Alejandra;Calhoun;456957;654
Cassandra;Millda;614284;987
Sabina;MacIntosh;878056;798
Sashenka;Breed;917678;147
Christy;Nelsen;492902;258
Luci;Girardo;780029;369
Darlleen;Mitzi;619175;741
Aubrie;Hachmin;323771;852
Maryellen;Kathie;760717;963
Kirstin;Suanne;794228;753
Charlena;Pozzy;498238;951
Deedee;Hashim;591773;456
Vivia;Gibbeon;619846;123
Lisette;Catie;792005;654
Tami;Milson;467294;987
Teriann;Kinnard;821348;798
Gianina;Vernier;537805;147
Verla;Gaulin;671327;258
Jemie;Drus;701247;369
Perry;Vivle;840944;741
Adore;Mitzi;656373;852
Blondelle;Bettine;769865;963
Kristan;Clie;915162;753
Cassondra;O'Carroll;955902;951
Shannah;Eachern;368569;456
Ekaterina;Nickola;389240;123
Albertina;Felizio;688606;654
Darci;Rubie;755829;987
Wynne;Pierette;345056;798
Korrie;Ammann;838447;147
Ida;Denis;691770;258
Celisse;Destinee;468315;369
Arlena;Tyson;919377;741
Alia;Urania;617000;852
Daune;Cath;673597;963
Ana;Ambrosia;600820;753
Marika;Thema;935579;951
Hyacinthe;Goth;858534;456
Maye;Hedve;939925;123
Delilah;Moseley;570443;654
Jemie;Fink;579717;987
Max;Jarib;723861;798
Courtnay;Fry;375024;147
Mathilda;Nickola;784541;258
Sallie;Howlyn;821020;369
Gavrielle;Elvyn;357977;741
Modestia;Poll;569622;852
Carree;Janene;771867;963
Daphne;Ajay;575090;753
Clementine;Sidonius;870231;951
Krystle;Wenoa;338327;654
Lauryn;Destinee;513013;987
Emilia;Rogerio;662783;798
Wilma;Forrer;972299;147
Jemie;Minetta;341433;258
Arlena;Huggins;384125;369
Aurore;Bari;882259;741
Chere;Matthew;651562;852
Renie;Adrienne;407034;963
Bee;Neva;849540;753
Kamilah;Velick;479305;951
Concettina;Bartlett;951749;456
Gusty;Reinke;565602;123
Kial;Docilla;935189;654
Danny;Kaja;724468;987
Jillayne;Helfand;547021;798
Rosene;Nadia;447105;147
Meghann;Lenny;738134;258
Wileen;Sammons;758323;369
Nannie;Bow;610681;741
Aubrie;Karl;454390;852
Alleen;Natica;945153;963
Linet;Pyle;957245;753
Linzy;An;618646;951
Sissy;Shama;638866;456
Desirae;Ivens;514814;123
Dorice;Tayib;913367;654
Hildegaard;Cleo;343245;987
Yvonne;Stoller;359862;798
Nanete;Isacco;914126;147
Kassey;Kinnard;829755;258
Ninnetta;Lorenz;657939;369
Celestyna;Killigrew;375059;741
Dode;Christine;822940;852
Petronia;Ludewig;483538;963
Chrystel;Dimitris;955314;753
Winifred;August;868219;951
Lenna;Lory;563736;456
Marti;Lia;337848;123
Quintina;Bari;887492;654
Jere;Regan;325338;987
Ruthe;Andrel;868125;798
Hope;Center;832179;147
Lusa;Suanne;830647;258
Carmencita;Sekofski;798655;369
Xylina;Shanley;909256;741
Dagmar;Cosenza;373180;852
Aurore;Mauer;579295;963
Judy;Susannah;948359;753
Stephanie;Bandeen;641464;951
Adore;Charity;568344;987
Iseabal;Capello;343133;654
Alameda;Creamer;725559;987
Brena;Fiester;371107;798
Vere;Bari;354380;147
Phedra;Ursulette;615786;258
Millie;Carleen;472558;369
Oralee;Joseph;586790;741
Karolina;Astra;730981;852
Adriana;Plato;794921;963
Rosaline;Lowry;828974;753
Tera;Kaete;448327;951
Ardys;Isacco;726472;456
Talya;Marijo;522575;123
Cassondra;Shirberg;831314;654
Alisha;Desai;694997;987
Robbi;Fiann;366171;798
Marylou;Salchunas;611175;147
Carlie;Paine;580677;258
Allyce;Adalbert;390363;369
Rivalee;Saree;911703;741
Diena;Hermes;566093;852
Gwyneth;Fredi;977363;963
Natka;Mata;396683;753
Elmira;Taam;574076;951
Fanny;Amasa;495605;456
Ethel;Argus;770359;123
Tami;Mehalek;762124;654
Jemie;Corrine;865357;987
Hope;Eliathas;681958;798
Raina;Ledah;972354;147
Charmaine;Anis;749348;258
Nerta;Gerge;766242;369
Romona;Lanita;974838;741
Britte;Maurine;920191;852
Marsiella;Fitzsimmons;754883;963
Kristan;Denis;589316;753
Micheline;Couture;974802;951
Aryn;Ogren;638853;456
Joy;Reinke;350561;123
Leontine;Burch;481247;654
Maud;Loeb;633145;987
Gabriellia;Fax;812719;798
Amii;Barbey;512162;147
Dorthy;Fitzsimmons;932798;258
Marnia;Whittaker;500010;369
Morganica;Marcellus;395651;741
Susette;Eno;476418;852
Nannie;Giule;346458;963
Cassondra;Cristi;651590;753
Alexine;Peonir;947286;951
Oralee;Sholley;752044;654
Cathie;Prouty;347178;987
Taffy;Delp;721823;798
Frieda;Holtz;650849;147
Frieda;Mathilde;483585;258
Jordan;Cottle;915237;369
Glynnis;Strephon;399139;741
Jerry;Terrence;466543;852
Lorenza;Jena;438021;963
Dianemarie;Chaing;788936;753
Angelique;Lenny;713144;951
Emilia;Buffum;923929;456
Leeanne;Judye;706786;123
Zsa Zsa;My;499600;654
Dolli;Lewes;786255;987
Isa;Anselmi;440881;798
Cyndie;Cynar;815550;147
Lindie;Clywd;787017;258
Willetta;Kosey;543097;369
Annabela;Wolfgram;560812;741
Correy;Aldric;882305;852
Gilligan;Creamer;339930;963
Doralynne;Mich;712887;753
Sean;Frendel;696663;951
Starla;Phyllis;435346;456
Aaren;Raul;613174;123
Kellen;Duwalt;464227;654
Marsiella;Lory;934565;987
Jan;Hanshaw;626981;798
Arabel;Amasa;700057;147
Marjie;Nunci;903943;258
Elyssa;Secrest;447453;369
Kalina;Carlson;800660;741
Josephine;Lunsford;520783;852
Marita;Adamsen;788099;963
Bobbi;Jacobah;650599;753
Merrie;Henrie;868490;951
Roberta;Florina;947651;456
Esmeralda;Margarete;446438;123
Bettine;Joeann;775608;654
Emilia;Jethro;876210;987
Annecorinne;Kendrick;379826;798
Cyndie;Nelsen;719770;147
June;Bonilla;837091;258
Lory;Oriana;777440;369
Alex;Slifka;547423;741
Lucille;Olnee;488493;852
Bobbi;Jefferey;805055;963
Wileen;Ludewig;714766;753
Jasmina;Minetta;679906;951
Marnia;Isidore;462045;654
Leona;Nedrud;970166;987
Kaia;Fillbert;843784;798
Konstance;Blake;722583;147
Vivia;Toffic;769476;258
Aryn;Carbo;733312;369
Nollie;Tiffa;874951;741
Kellen;Dom;844630;852
Asia;Sherrie;972837;963
Antonietta;Sidonius;524531;753
Ashlee;Irmine;834882;951
Carree;Newell;507210;456
Daryl;Mathilde;553427;123
Flo;Tjon;776077;654
Ginnie;Kevon;416189;987
Dode;Pettiford;746307;798
Roslyn;Tacye;364324;147
Winny;Nickola;982871;258
Felice;Ralfston;386242;369
Kellen;Grayce;472033;741
Dulce;Konyn;619463;852
Kylynn;Felecia;373683;963
Merle;Adlare;650557;753
Johna;Kenwood;393805;951
Suzette;Jammal;423981;456
Brana;Schenck;983449;123
Esmeralda;Kat;855089;654
Brietta;Blisse;476736;987
Myriam;Suk;876363;798
Laure;Seligman;716961;147
Luci;Taam;798317;258
Hyacinthe;Celestine;847067;369
Shannah;Sheng;674011;741
Regina;Levey;690538;852
Marjie;Zenas;483909;963
Merle;Malina;686088;753
Veda;Firmin;801489;951
Lanae;Tamsky;735422;456
Jinny;Stilwell;874162;123
Esmeralda;Schalles;775765;654
Peri;Alejoa;906532;987
Clementine;Cutlerr;725420;798
Annaliese;Bohlin;714406;147
Tamqrah;Devlen;614584;258
Sibella;Wolfgram;496981;369
Sandie;Alisia;605578;741
Albertina;Neva;545842;852
Sadie;Telfer;328359;963
Rhea;Nickola;337190;753
Leanna;Guildroy;767894;951
Michaelina;Martguerita;419650;654
Ira;Berl;563918;987
Sam;Papageno;814453;798
Concettina;Braun;890122;147
Leia;Zina;346030;258
Betta;Goldina;733417;369
Letizia;Buckler;914372;741
Gusty;Wooster;967552;852
Elka;Thar;898725;963
Hildegaard;Reneta;680439;753
Clarice;Audly;653263;951
Myrtice;Oneida;823279;456
Veda;Cohdwell;794924;123
Hettie;Chrystel;522464;654
Julieta;Ackerley;772910;987
Fernande;Krystle;380399;798
Sonni;Woodberry;960215;147
Elvira;Grimbly;675433;258
Caressa;Edvard;949394;369
Agathe;Mata;956385;741
Vere;Berard;427901;852
Modestia;Aaberg;828500;963
Tera;Izaak;886821;753
Fred;Gaal;681029;951
Tami;Avi;374273;456
Bobinette;Agle;913470;123
Annora;Rad;983049;654
Lizzie;Nerita;631453;987
Celisse;Anselmi;817590;798
Alia;Raama;624407;147
Kara-Lynn;Muriel;734944;258
Cassandra;Juliet;547321;369
Anestassia;Adamsen;559261;741
Ariela;Sisile;899948;852
Tabbatha;Gladstone;665194;963
Gaylene;Bigner;902904;753
Merry;Yorick;794588;951
Dulce;Vanni;625263;456
Cherrita;Malanie;721895;123
Regina;Cullin;558606;654
Sean;Codding;457910;987
Alia;Kevon;635359;798
Annora;Sprage;655122;147
Brooks;Evvie;367998;258
Linet;Vernier;978266;369
Gratia;Lauraine;420947;741
Patricia;Anselmi;772861;852
Clo;Craggie;474707;963
Dacia;Terencio;549746;753
Vivia;Obed;532784;951
Vita;Isidore;827119;654
Britte;Faria;597511;654
Berget;Alwin;665765;987
Lory;Mauer;516862;798
Carilyn;Kellby;642525;147
Ofilia;Colbert;408896;258
Raina;Buffum;585314;369
Barbi;An;718220;741
Juliane;Delila;666229;852
Latisha;Nicoline;754097;963
Edith;Noman;745115;753
Frank;Hubert;768990;951
Aurore;Franza;737297;456
Tressa;Strephon;568836;123
Karolina;Allare;330977;654
Dorothy;Yoko;381882;987
Tiffie;Olnee;563937;798
Flory;Natica;852756;147
Allyce;Mata;497471;258
Deloria;Tamsky;849921;369
Kore;Pascia;714481;741
Verla;Birdella;436002;852
Jessamyn;Billye;805131;963
Ivett;Ailyn;576124;753
Margette;Kinnard;546655;951
Lyssa;Kimmie;591575;456
Etta;Behre;331248;123
Dolli;Colp;906241;654
Dolli;Sadowski;938479;987
Nadine;Hylan;586525;798
Allis;Thunell;865812;147
Ninnetta;Berard;456892;258
Joceline;Emmaline;614503;369
Rebeca;Jehu;535469;741
Cecile;Killigrew;921113;852
Christian;Zeeba;529500;963
Gloria;Tryck;649604;753
Cherrita;Obed;695363;951
Jasmina;Valerio;729100;456
Calla;Magdalen;563164;123
Johna;Wilkinson;529100;654
Danny;Travax;581487;987
Viki;Eliathas;964984;798
Marguerite;Ophelia;368793;147
Carmela;Lasley;946887;258
Hannis;Hessler;342375;369
Maurene;Ricki;885558;741
Carol-Jean;Seumas;702225;852
Aurelie;Clarissa;663240;963
Allyce;Chobot;807179;753
Beatriz;Nisbet;696010;951
Donnie;Daveta;467864;654
Kial;Center;461751;987
Grier;Ramona;344793;798
Jany;Arne;360934;147
Gavrielle;Holbrook;401435;258
Demetris;Karl;821341;369
Rosene;Delila;886085;741
Merrie;Crudden;738089;852
Calla;Lacombe;535879;963
Minda;Goddard;908709;753
Asia;Kristi;511940;951
Dianemarie;Darrell;491217;456
Layla;Forrer;597826;123
Halette;Ummersen;725061;654
Corina;Nerita;541533;987
Chandra;Carmena;592788;798
Lizzie;Dosia;802942;147
Valera;Jobi;788611;258
Claudina;Arquit;690821;369
Leontine;Cyrie;747935;741
Christian;Zaslow;772067;852
Maryellen;Rona;681828;963
Gaylene;Harned;612386;753
Talya;Edvard;540648;951
Heddie;Vanni;879634;456
Deane;Kress;940185;123
Steffane;Zina;836172;654
Aimil;Eckblad;371533;987
Ezmeralda;Tufts;695684;798
Caritta;Dowski;638454;147
Laure;Cherianne;654288;258
Verla;Garek;979901;369
Charmaine;Aloise;855938;741
Maud;Joni;881738;852
Lusa;Podvin;933437;963
Tierney;Koehler;378520;753
Meghann;Schroth;730753;951
Ilse;Izaak;685013;456
Lusa;Agle;925109;123
Bernardine;Raychel;667742;654
Donnie;Ries;781034;987
Frieda;Schlosser;627297;798
Merrie;Standing;708569;147
Meriel;Raama;501456;258
Barbara;Lacombe;501448;369
Lorenza;Artie;334852;741
Luci;Haerr;324041;852
Clarice;Ferrell;345621;963
Gertrud;Bethany;381367;753
Alameda;Janene;691855;951
Andeee;Adlare;552057;951
Emilia;Dulciana;325484;654
Ottilie;Herrera;342317;987
Glenda;Elbertina;431028;798
Evita;Merell;374994;147
June;Campball;860783;258
Jenilee;Rese;896115;369
Joeann;Masao;851573;741
Abbie;Yerkovich;941515;852
Allis;Wooster;832690;963
Oona;Marijo;715396;753
Alia;Borrell;448149;951
Lonnie;Olympium;983432;456
Lenna;Pearse;335435;123
Lolita;Martsen;935184;654
Ardys;Lindemann;522192;987
Joleen;Karylin;429413;798
Beatriz;Cath;557068;147
Nicoli;Stacy;466644;258
Elora;Neva;902076;369
Vere;Deny;430778;741
Jerry;Juan;756051;852
Desirae;Pattin;925017;963
Dulcinea;Sheedy;486733;753
Nelle;Turne;520606;951
Karly;Teryn;874326;456
Kristan;Gibbeon;556090;123
Cherilyn;Chrystel;323891;654
Heddie;Francyne;602602;987
Valli;Corrine;630742;798
Mariele;Byrne;753305;147
Romona;Presber;624278;258
Wilma;Leary;571623;369
Dorthy;Peg;423608;741
Coral;Bevin;630971;852
Christal;Bow;679845;963
Ninnetta;Susannah;543451;753
Dennie;Lubin;685960;951
Dania;Vivle;707747;456
Jean;Gavrila;985433;123
Lexine;Chauncey;804551;654
Marita;Bluh;413538;987
Glynnis;Bashemeth;346375;798
Desirae;Rillings;863363;147
Paola;Standing;801061;258
Flo;Faria;949665;369
Ira;Morgun;921561;741
Elvira;Syd;895337;852
Gilda;Lasley;831449;963
Gui;Lilybelle;521896;753
Clarice;Delacourt;682213;951
Bill;Lipson;679746;654
Merry;Yate;734970;987
Jordan;Jerald;631213;798
Emilia;Joseph;776452;147
Paola;Bultman;724573;258
Lorenza;Lattie;825432;369
Pamella;Gower;646193;741
Beth;Anis;407158;852
Monika;Armanda;921504;963
Sarette;Sabella;450113;753
Rosanne;Jeanne;570201;951
Tarra;Gregrory;544017;456
Vevay;Robertson;391900;123
Max;Emmaline;390992;654
Norine;Vittoria;707892;987
Joleen;Othilia;876603;798
Viviene;Eugenia;940646;147
Gwyneth;Minetta;705334;258
Lonnie;Karylin;986959;369
Rivalee;Lilas;473570;741
Cassandra;Weaks;959497;852
Tomasina;Kylander;700155;963
Carol-Jean;Cath;367374;753
Cathie;Gaulin;489213;951
Max;Fry;437763;456
Mellicent;Ethban;916151;123
Nannie;Winnick;599270;654
Fanchon;Truc;902938;987
Blake;Hoban;476970;798
Kary;Colyer;461656;147
Maryellen;Eachern;869598;258
Angela;Nea;897940;369
Stacey;Braun;465023;741
Melina;Rosemary;515123;852
Marleah;Amethist;947669;963
Wilma;Fleeta;512014;753
Priscilla;Audly;481926;951
Cristabel;Koziara;655861;456
Peri;Ciapas;646464;123
Joeann;Ilka;572470;654
Libbie;Margarete;439407;987
Magdalena;Yuille;684394;798
Jenilee;Clie;545227;147
Hannis;Gale;349638;258
Sandie;Weide;653527;369
Lily;Sprage;355760;741
Nannie;Othilia;695545;852
Luci;Cressida;388278;963
Elka;Morrill;630905;753
Emylee;Lail;502108;951
Glynnis;Muriel;740158;987
Carolina;Hurley;605272;654
Kimberley;Dex;728714;987
Zondra;August;785986;798
Amii;Talia;845881;147
Brietta;Merell;740883;258
Rani;Garlinda;658955;369
Alejandra;Diogenes;759398;741
Rori;Lewes;708766;852
Roslyn;Sheedy;912824;963
Nyssa;Roarke;740005;753
Bill;Codding;839243;951
Krystle;Elbertina;622494;456
Charmaine;Cleo;594347;123
Almeta;Roscoe;387535;654
Florencia;Yuille;534085;987
Kara-Lynn;Euridice;446032;798
Alex;Edvard;920092;147
Nikki;Wyn;880403;258
Therine;Borrell;966867;369
Damaris;MacIntosh;405318;741
Alia;Croix;474448;852
Bernie;Norvol;322740;963
Maurene;Niles;906983;753
Tarra;Campball;827107;951
Valera;Durware;953538;456
Barbi;Stilwell;540912;123
Lila;Ulphia;360136;654
Pamella;Jenness;443864;987
Ottilie;Libna;543643;798
Helsa;Wattenberg;322808;147
Carmencita;Vins;672993;258
Carmencita;Bendick;809863;369
Ericka;Mike;875924;741
Zondra;Paine;585631;852
Bill;Merat;384555;963
Stevana;Bethany;949894;753
Aryn;Bord;335190;951
Celestyna;Alfons;388730;456
Ada;Gavrila;899404;123
Glenda;Ilka;854399;654
Cordi;Kiyoshi;780125;987
Carlie;Sasnett;604910;798
Ofilia;Colbert;885618;147
Chastity;Suk;969703;258
Dotty;Chick;669519;369
Bernardine;Bearnard;449646;741
Silvana;Ferino;592452;852
Valli;Hermes;848472;963
Dorthy;Malvino;427115;753
Ofilia;Fancie;753117;951
Meghann;Poppy;645821;654
Shaylyn;Sisile;771235;987
Letizia;Camden;778236;798
Hyacinthe;Destinee;322258;147
Lorenza;Roxanna;839916;258
Corly;Fiann;572166;369
Tomasina;Erminia;983783;741
Gertrud;Wilkinson;715909;852
Nonnah;Erich;886460;963
Halette;Sammons;922568;753
Kenna;Joachim;504582;951
Kassey;Melan;345053;456
Gerianna;Oneida;973005;123
Tiffie;Kristi;658251;654
Gwyneth;Edee;739596;987
Jaclyn;Cimbura;689677;798
Briney;Briney;674079;147
Tierney;Eldrid;815362;258
Codie;Morgun;682755;369
Berta;Faso;572382;741
Kathi;Malvino;688090;852
Elise;Elsinore;363625;963
Patricia;Verger;774765;753
Therine;Grimbly;877807;951
Carilyn;Boycey;591429;456
Brandise;Macey;765963;123
Rosaline;Jotham;888662;654
Dede;Amethist;490843;987
Devina;Chem;525828;798
Trudie;Seagraves;568733;147
Cathie;Flyn;493506;258
Diena;Alexandr;330377;369
Madeleine;Sigfrid;329230;741
Ulrike;Delp;964389;852
Collen;Elo;902288;963
Verla;Stoller;597281;753
Genevra;Rad;683269;951
Stevana;Aurelio;500566;456
Orsola;Gabrielli;785422;123
Brana;Colyer;507217;654
Gisela;Medrek;702136;987
Dorice;Donoghue;465462;798
Darlleen;Deegan;870670;147
Brooks;Schroth;572365;258
Juliane;Weide;642045;369
Maurene;Berard;735261;741
Roz;Bord;922339;852
Nerta;Masao;748723;963
Jordan;Carbo;342624;753
Evita;Nerita;505579;951
Celene;Latini;350579;654
Harrietta;Meter;961168;987
Farrah;Avi;963918;798
Deirdre;Emanuel;648904;147
Kathi;Karl;578352;258
Marguerite;Ventre;872431;369
Marita;Si;339609;741
Penelopa;Junie;669676;852
Raf;Marlie;957925;963
Brana;Brackely;489858;753
Hope;Cynar;976390;951
Johna;Wilkinson;529292;456
Orelia;Joli;476571;123
Hannis;Nore;893638;654
Chickie;Ephrem;872611;987
Asia;Irmine;698195;798
Konstance;Joli;940998;147
Kaia;Saunderson;473391;258
Fayre;Lea;911005;369
Barbara;Havens;474757;741
Yolane;Fleeta;679015;852
Kellen;Annabella;711624;963
Shaylyn;Dorine;887893;753
Mildrid;Olnee;485721;951
Meg;Kelula;448933;456
Nananne;Christine;844417;123
Zsa Zsa;Francyne;717066;654
Tybie;Wandie;903519;987
Misha;Waldron;713664;798
Gretal;Hubert;845716;147
Ermengarde;Goerke;436691;258
Adore;Odell;947124;369
Shandie;Kendrick;493204;741
Emma;Lytton;801232;852
Clary;Tufts;615660;963
Mellicent;Izaak;640002;753
Jennica;Sisile;753694;951
Paule;Vilma;811802;456
Layla;Toni;403457;123
Lynde;Angelis;774584;654
Malina;Konyn;795209;987
Berta;Oster;387703;798
Felice;Billye;926724;147
Agathe;Sandye;436287;258
Dacia;McLaughlin;957166;369
Kimberley;Sundin;963105;741
Deane;Mich;615196;852
Mamie;Dielu;802929;963
Berget;Lissi;637716;753
Luci;Matthew;408654;951
Lindie;Mintz;852706;654
Helsa;Uird;600276;987
Rosene;Euridice;368030;798
Consuela;Joachim;420766;147
Taffy;Miru;860144;258
Claresta;Sallyann;339643;369
Minne;Quent;908174;741
Hannis;Zrike;911395;852
Jobi;Ingra;965494;963
Devina;Arley;755509;753
Melisent;Breed;845379;951
Amelia;Tamsky;692804;456
Genovera;Dudley;925980;123
June;Woodberry;975543;654
Morganica;Oriana;728545;987
Mildrid;Emerson;700928;798
Dorthy;Bultman;865236;147
Teriann;Burch;918975;258
Queenie;Rhu;691991;369
Cristine;Letsou;868516;741
Dolli;Stuart;984112;852
Fanchon;Bergman;647270;963
Tomasina;Lacombe;468308;753
Etta;Aprile;468553;951
Hermione;Cornelia;494799;456
Eolanda;Raseda;505951;123
Kathy;Khorma;539633;654
Fanchon;Sheng;700289;987
Keelia;Meter;703512;798
Sheelagh;Rubie;793547;147
Grier;Travax;426313;258
Yolane;Atcliffe;433946;369
Kylynn;Schalles;441434;741
Aubrie;Gaulin;652341;852
Lonnie;Read;950633;963
Rosaline;Lunsford;730173;753
Merle;Smitt;675278;951
Cathyleen;Felizio;736735;456
Elyssa;Colp;912719;123
Hollie;Tomasina;707999;654
Raina;Vernier;486488;987
Jorry;Gino;418806;798
Selma;Taam;951709;147
Emylee;Erminia;824912;258
Tilly;Kunin;970332;369
Lanae;Simmonds;608477;741
Zsa Zsa;Thunell;817986;852
Lyssa;Longfellow;845234;963
Rayna;Brotherson;574868;753
Tiffie;Gherardo;870975;951
Bobinette;Morrill;978760;654
Desirae;Shaddock;636223;654
Cassondra;Pillsbury;878682;987
Helsa;Marsden;529226;798
Pamella;Adlare;980589;147
Hildegaard;Rossner;383460;258
Sam;Janene;569150;369
Dari;Ogren;539501;741
Annice;Lenny;906743;852
Odessa;Erskine;464918;963
Jacquetta;Peg;842942;753
Ellette;Gahl;662483;951
Calla;Romelda;826790;456
Albertina;Lalitta;410165;123
Mireielle;Lenny;904028;654
Michaelina;Aprile;438305;987
Alameda;Belanger;425043;798
Hyacinthe;Odysseus;356391;147
Jere;Ophelia;776047;258
Ellette;Mayeda;887210;369
Sam;Jacobah;805425;741
Ottilie;Hollingsworth;538466;852
Gisela;Cutlerr;955526;963
Anica;Weaks;953572;753
Kenna;Ilka;716736;951
Hayley;Bury;472216;456
Alie;Leler;519479;123
Janeczka;Carmena;803604;654
Inga;Abram;391453;987
Ada;Diogenes;769902;798
Malina;Herrera;467130;147
Xylina;Miru;464522;258
Nadine;Sekofski;634187;369
Harmonia;Sprage;418863;741
Aryn;Valoniah;753136;852
Vivia;Tamar;355663;963
Claudina;Belanger;946302;753
Flory;Wiener;710693;951
Kerrin;Trey;908135;456
Lusa;Florina;731703;123
Jere;Angelis;590680;654
Gerrie;Stanwood;743610;987
Annecorinne;Ovid;511070;798
Cathyleen;Konyn;918762;147
Liana;Jacobah;478160;258
Georgetta;Raama;640310;369
Rayna;Vivle;892162;741
Marika;Crudden;330124;852
Heida;Velick;869806;963
Hildegaard;Franza;525211;753
Kristan;Sidonius;617473;951
Melina;Ardra;944587;654
Carlie;Urias;861370;987
Aeriela;Morgun;881885;798
Bernie;Gwenore;913679;147
Jan;Winnick;522476;258
Flory;Milson;743907;369
Lita;Darbie;689899;741
Cyb;Noelyn;896724;852
Celisse;Mallon;726666;963
Ebonee;Vins;434432;753
Rozele;Gordon;816171;951
Lauryn;Grobe;783176;456
Nickie;Amadas;615293;123
Di;Goddard;399238;654
Caressa;Haldas;787258;987
Gale;Serilda;402766;798
Minne;Sammons;338471;147
Elka;Bashemeth;383862;258
Liana;Melleta;731213;369
Blinni;Schalles;971034;741
Charlena;Schroth;514866;852
Dode;Jacobah;631894;963
Dennie;Brodench;335653;753
Feliza;Freddi;639280;951
Cristabel;Plato;651985;456
Anica;Tound;734347;123
Ernesta;Amadas;877298;654
Zondra;Kaja;368361;987
Doro;Karylin;732040;798
Gilligan;Magdalen;804311;147
Rochette;Lamoree;637155;258
Lynde;Corrine;452201;369
Kirbee;Swanhildas;982864;741
Dania;Wiener;866453;852
Edee;Middleton;442093;963
Sonni;Toffic;979536;753
Lesly;Oscar;419595;951
Christal;Ries;753666;456
Katharina;Kazimir;908155;123
Rozele;Roxanna;553670;654
Janis;Libna;481180;987
Fawne;Nester;688074;798
PorqueMaikol;Parsaye;914853;147