agencia_nombre,supervisada_por
Robinul,Browsedrive
VERATRUM ALBUM,Riffpedia
Metoprolol Tartrate,Topicblab
Desert Bambu,Jamia
Salmon,Quatz
AMBROSIA PSILOSTACHYA POLLEN,Devbug
ADRENALINUM,Centidel
Ergocalciferol,Dablist
MEIJER,Skinix
XtraCare Antibacterial Hand Cleanse,Thoughtworks
SEROQUEL,Flashset
Doxazosin,Lajo
Glucotrol XL,Skippad
SUPER LIGHT TOUCH BB PACT,Teklist
Fosinopril Sodium,Voonix
CEPHALEXIN,Voonyx
Burr Oak,Meembee
UltrasolSunscreen,Agimba
Reversion Acne Control,Wikido
Secret Antiperspirant,Zooxo
Diclofenac Sodium,Quatz
QPAP Infants Drops,Aimbu
ISOXSUPRINE HYDROCHLORIDE,Realcube
Maxixum Security Gel Toothpaste,Browsetype
Aspirin,Babbleblab
SHISEIDO ADVANCED HYDRO-LIQUID COMPACT (REFILL),Voomm
Rizatriptan Benzoate,Centizu
Humalog,Yozio
Well at Walgreens Anti-Itch,Brainbox
Nupercainal Bio-Active Hemorrhoidal,Riffpath
